,bookname,price,avaliability
0,A Light in the ...,£51.77,In stock
1,Tipping the Velvet,£53.74,In stock
2,Soumission,£50.10,In stock
3,Sharp Objects,£47.82,In stock
4,Sapiens: A Brief History ...,£54.23,In stock
5,The Requiem Red,£22.65,In stock
6,The Dirty Little Secrets ...,£33.34,In stock
7,The Coming Woman: A ...,£17.93,In stock
8,The Boys in the ...,£22.60,In stock
9,The Black Maria,£52.15,In stock
10,Starving Hearts (Triangular Trade ...,£13.99,In stock
11,Shakespeare's Sonnets,£20.66,In stock
12,Set Me Free,£17.46,In stock
13,Scott Pilgrim's Precious Little ...,£52.29,In stock
14,Rip it Up and ...,£35.02,In stock
15,Our Band Could Be ...,£57.25,In stock
16,Olio,£23.88,In stock
17,Mesaerion: The Best Science ...,£37.59,In stock
18,Libertarianism for Beginners,£51.33,In stock
19,It's Only the Himalayas,£45.17,In stock
20,A Light in the ...,£51.77,In stock
21,Tipping the Velvet,£53.74,In stock
22,Soumission,£50.10,In stock
23,Sharp Objects,£47.82,In stock
24,Sapiens: A Brief History ...,£54.23,In stock
25,The Requiem Red,£22.65,In stock
26,The Dirty Little Secrets ...,£33.34,In stock
27,The Coming Woman: A ...,£17.93,In stock
28,The Boys in the ...,£22.60,In stock
29,The Black Maria,£52.15,In stock
30,Starving Hearts (Triangular Trade ...,£13.99,In stock
31,Shakespeare's Sonnets,£20.66,In stock
32,Set Me Free,£17.46,In stock
33,Scott Pilgrim's Precious Little ...,£52.29,In stock
34,Rip it Up and ...,£35.02,In stock
35,Our Band Could Be ...,£57.25,In stock
36,Olio,£23.88,In stock
37,Mesaerion: The Best Science ...,£37.59,In stock
38,Libertarianism for Beginners,£51.33,In stock
39,It's Only the Himalayas,£45.17,In stock
40,A Light in the ...,£51.77,In stock
41,Tipping the Velvet,£53.74,In stock
42,Soumission,£50.10,In stock
43,Sharp Objects,£47.82,In stock
44,Sapiens: A Brief History ...,£54.23,In stock
45,The Requiem Red,£22.65,In stock
46,The Dirty Little Secrets ...,£33.34,In stock
47,The Coming Woman: A ...,£17.93,In stock
48,The Boys in the ...,£22.60,In stock
49,The Black Maria,£52.15,In stock
50,Starving Hearts (Triangular Trade ...,£13.99,In stock
51,Shakespeare's Sonnets,£20.66,In stock
52,Set Me Free,£17.46,In stock
53,Scott Pilgrim's Precious Little ...,£52.29,In stock
54,Rip it Up and ...,£35.02,In stock
55,Our Band Could Be ...,£57.25,In stock
56,Olio,£23.88,In stock
57,Mesaerion: The Best Science ...,£37.59,In stock
58,Libertarianism for Beginners,£51.33,In stock
59,It's Only the Himalayas,£45.17,In stock
60,A Light in the ...,£51.77,In stock
61,Tipping the Velvet,£53.74,In stock
62,Soumission,£50.10,In stock
63,Sharp Objects,£47.82,In stock
64,Sapiens: A Brief History ...,£54.23,In stock
65,The Requiem Red,£22.65,In stock
66,The Dirty Little Secrets ...,£33.34,In stock
67,The Coming Woman: A ...,£17.93,In stock
68,The Boys in the ...,£22.60,In stock
69,The Black Maria,£52.15,In stock
70,Starving Hearts (Triangular Trade ...,£13.99,In stock
71,Shakespeare's Sonnets,£20.66,In stock
72,Set Me Free,£17.46,In stock
73,Scott Pilgrim's Precious Little ...,£52.29,In stock
74,Rip it Up and ...,£35.02,In stock
75,Our Band Could Be ...,£57.25,In stock
76,Olio,£23.88,In stock
77,Mesaerion: The Best Science ...,£37.59,In stock
78,Libertarianism for Beginners,£51.33,In stock
79,It's Only the Himalayas,£45.17,In stock
80,A Light in the ...,£51.77,In stock
81,Tipping the Velvet,£53.74,In stock
82,Soumission,£50.10,In stock
83,Sharp Objects,£47.82,In stock
84,Sapiens: A Brief History ...,£54.23,In stock
85,The Requiem Red,£22.65,In stock
86,The Dirty Little Secrets ...,£33.34,In stock
87,The Coming Woman: A ...,£17.93,In stock
88,The Boys in the ...,£22.60,In stock
89,The Black Maria,£52.15,In stock
90,Starving Hearts (Triangular Trade ...,£13.99,In stock
91,Shakespeare's Sonnets,£20.66,In stock
92,Set Me Free,£17.46,In stock
93,Scott Pilgrim's Precious Little ...,£52.29,In stock
94,Rip it Up and ...,£35.02,In stock
95,Our Band Could Be ...,£57.25,In stock
96,Olio,£23.88,In stock
97,Mesaerion: The Best Science ...,£37.59,In stock
98,Libertarianism for Beginners,£51.33,In stock
99,It's Only the Himalayas,£45.17,In stock
100,A Light in the ...,£51.77,In stock
101,Tipping the Velvet,£53.74,In stock
102,Soumission,£50.10,In stock
103,Sharp Objects,£47.82,In stock
104,Sapiens: A Brief History ...,£54.23,In stock
105,The Requiem Red,£22.65,In stock
106,The Dirty Little Secrets ...,£33.34,In stock
107,The Coming Woman: A ...,£17.93,In stock
108,The Boys in the ...,£22.60,In stock
109,The Black Maria,£52.15,In stock
110,Starving Hearts (Triangular Trade ...,£13.99,In stock
111,Shakespeare's Sonnets,£20.66,In stock
112,Set Me Free,£17.46,In stock
113,Scott Pilgrim's Precious Little ...,£52.29,In stock
114,Rip it Up and ...,£35.02,In stock
115,Our Band Could Be ...,£57.25,In stock
116,Olio,£23.88,In stock
117,Mesaerion: The Best Science ...,£37.59,In stock
118,Libertarianism for Beginners,£51.33,In stock
119,It's Only the Himalayas,£45.17,In stock
120,A Light in the ...,£51.77,In stock
121,Tipping the Velvet,£53.74,In stock
122,Soumission,£50.10,In stock
123,Sharp Objects,£47.82,In stock
124,Sapiens: A Brief History ...,£54.23,In stock
125,The Requiem Red,£22.65,In stock
126,The Dirty Little Secrets ...,£33.34,In stock
127,The Coming Woman: A ...,£17.93,In stock
128,The Boys in the ...,£22.60,In stock
129,The Black Maria,£52.15,In stock
130,Starving Hearts (Triangular Trade ...,£13.99,In stock
131,Shakespeare's Sonnets,£20.66,In stock
132,Set Me Free,£17.46,In stock
133,Scott Pilgrim's Precious Little ...,£52.29,In stock
134,Rip it Up and ...,£35.02,In stock
135,Our Band Could Be ...,£57.25,In stock
136,Olio,£23.88,In stock
137,Mesaerion: The Best Science ...,£37.59,In stock
138,Libertarianism for Beginners,£51.33,In stock
139,It's Only the Himalayas,£45.17,In stock
140,A Light in the ...,£51.77,In stock
141,Tipping the Velvet,£53.74,In stock
142,Soumission,£50.10,In stock
143,Sharp Objects,£47.82,In stock
144,Sapiens: A Brief History ...,£54.23,In stock
145,The Requiem Red,£22.65,In stock
146,The Dirty Little Secrets ...,£33.34,In stock
147,The Coming Woman: A ...,£17.93,In stock
148,The Boys in the ...,£22.60,In stock
149,The Black Maria,£52.15,In stock
150,Starving Hearts (Triangular Trade ...,£13.99,In stock
151,Shakespeare's Sonnets,£20.66,In stock
152,Set Me Free,£17.46,In stock
153,Scott Pilgrim's Precious Little ...,£52.29,In stock
154,Rip it Up and ...,£35.02,In stock
155,Our Band Could Be ...,£57.25,In stock
156,Olio,£23.88,In stock
157,Mesaerion: The Best Science ...,£37.59,In stock
158,Libertarianism for Beginners,£51.33,In stock
159,It's Only the Himalayas,£45.17,In stock
160,A Light in the ...,£51.77,In stock
161,Tipping the Velvet,£53.74,In stock
162,Soumission,£50.10,In stock
163,Sharp Objects,£47.82,In stock
164,Sapiens: A Brief History ...,£54.23,In stock
165,The Requiem Red,£22.65,In stock
166,The Dirty Little Secrets ...,£33.34,In stock
167,The Coming Woman: A ...,£17.93,In stock
168,The Boys in the ...,£22.60,In stock
169,The Black Maria,£52.15,In stock
170,Starving Hearts (Triangular Trade ...,£13.99,In stock
171,Shakespeare's Sonnets,£20.66,In stock
172,Set Me Free,£17.46,In stock
173,Scott Pilgrim's Precious Little ...,£52.29,In stock
174,Rip it Up and ...,£35.02,In stock
175,Our Band Could Be ...,£57.25,In stock
176,Olio,£23.88,In stock
177,Mesaerion: The Best Science ...,£37.59,In stock
178,Libertarianism for Beginners,£51.33,In stock
179,It's Only the Himalayas,£45.17,In stock
180,A Light in the ...,£51.77,In stock
181,Tipping the Velvet,£53.74,In stock
182,Soumission,£50.10,In stock
183,Sharp Objects,£47.82,In stock
184,Sapiens: A Brief History ...,£54.23,In stock
185,The Requiem Red,£22.65,In stock
186,The Dirty Little Secrets ...,£33.34,In stock
187,The Coming Woman: A ...,£17.93,In stock
188,The Boys in the ...,£22.60,In stock
189,The Black Maria,£52.15,In stock
190,Starving Hearts (Triangular Trade ...,£13.99,In stock
191,Shakespeare's Sonnets,£20.66,In stock
192,Set Me Free,£17.46,In stock
193,Scott Pilgrim's Precious Little ...,£52.29,In stock
194,Rip it Up and ...,£35.02,In stock
195,Our Band Could Be ...,£57.25,In stock
196,Olio,£23.88,In stock
197,Mesaerion: The Best Science ...,£37.59,In stock
198,Libertarianism for Beginners,£51.33,In stock
199,It's Only the Himalayas,£45.17,In stock
200,A Light in the ...,£51.77,In stock
201,Tipping the Velvet,£53.74,In stock
202,Soumission,£50.10,In stock
203,Sharp Objects,£47.82,In stock
204,Sapiens: A Brief History ...,£54.23,In stock
205,The Requiem Red,£22.65,In stock
206,The Dirty Little Secrets ...,£33.34,In stock
207,The Coming Woman: A ...,£17.93,In stock
208,The Boys in the ...,£22.60,In stock
209,The Black Maria,£52.15,In stock
210,Starving Hearts (Triangular Trade ...,£13.99,In stock
211,Shakespeare's Sonnets,£20.66,In stock
212,Set Me Free,£17.46,In stock
213,Scott Pilgrim's Precious Little ...,£52.29,In stock
214,Rip it Up and ...,£35.02,In stock
215,Our Band Could Be ...,£57.25,In stock
216,Olio,£23.88,In stock
217,Mesaerion: The Best Science ...,£37.59,In stock
218,Libertarianism for Beginners,£51.33,In stock
219,It's Only the Himalayas,£45.17,In stock
220,A Light in the ...,£51.77,In stock
221,Tipping the Velvet,£53.74,In stock
222,Soumission,£50.10,In stock
223,Sharp Objects,£47.82,In stock
224,Sapiens: A Brief History ...,£54.23,In stock
225,The Requiem Red,£22.65,In stock
226,The Dirty Little Secrets ...,£33.34,In stock
227,The Coming Woman: A ...,£17.93,In stock
228,The Boys in the ...,£22.60,In stock
229,The Black Maria,£52.15,In stock
230,Starving Hearts (Triangular Trade ...,£13.99,In stock
231,Shakespeare's Sonnets,£20.66,In stock
232,Set Me Free,£17.46,In stock
233,Scott Pilgrim's Precious Little ...,£52.29,In stock
234,Rip it Up and ...,£35.02,In stock
235,Our Band Could Be ...,£57.25,In stock
236,Olio,£23.88,In stock
237,Mesaerion: The Best Science ...,£37.59,In stock
238,Libertarianism for Beginners,£51.33,In stock
239,It's Only the Himalayas,£45.17,In stock
240,A Light in the ...,£51.77,In stock
241,Tipping the Velvet,£53.74,In stock
242,Soumission,£50.10,In stock
243,Sharp Objects,£47.82,In stock
244,Sapiens: A Brief History ...,£54.23,In stock
245,The Requiem Red,£22.65,In stock
246,The Dirty Little Secrets ...,£33.34,In stock
247,The Coming Woman: A ...,£17.93,In stock
248,The Boys in the ...,£22.60,In stock
249,The Black Maria,£52.15,In stock
250,Starving Hearts (Triangular Trade ...,£13.99,In stock
251,Shakespeare's Sonnets,£20.66,In stock
252,Set Me Free,£17.46,In stock
253,Scott Pilgrim's Precious Little ...,£52.29,In stock
254,Rip it Up and ...,£35.02,In stock
255,Our Band Could Be ...,£57.25,In stock
256,Olio,£23.88,In stock
257,Mesaerion: The Best Science ...,£37.59,In stock
258,Libertarianism for Beginners,£51.33,In stock
259,It's Only the Himalayas,£45.17,In stock
260,A Light in the ...,£51.77,In stock
261,Tipping the Velvet,£53.74,In stock
262,Soumission,£50.10,In stock
263,Sharp Objects,£47.82,In stock
264,Sapiens: A Brief History ...,£54.23,In stock
265,The Requiem Red,£22.65,In stock
266,The Dirty Little Secrets ...,£33.34,In stock
267,The Coming Woman: A ...,£17.93,In stock
268,The Boys in the ...,£22.60,In stock
269,The Black Maria,£52.15,In stock
270,Starving Hearts (Triangular Trade ...,£13.99,In stock
271,Shakespeare's Sonnets,£20.66,In stock
272,Set Me Free,£17.46,In stock
273,Scott Pilgrim's Precious Little ...,£52.29,In stock
274,Rip it Up and ...,£35.02,In stock
275,Our Band Could Be ...,£57.25,In stock
276,Olio,£23.88,In stock
277,Mesaerion: The Best Science ...,£37.59,In stock
278,Libertarianism for Beginners,£51.33,In stock
279,It's Only the Himalayas,£45.17,In stock
280,A Light in the ...,£51.77,In stock
281,Tipping the Velvet,£53.74,In stock
282,Soumission,£50.10,In stock
283,Sharp Objects,£47.82,In stock
284,Sapiens: A Brief History ...,£54.23,In stock
285,The Requiem Red,£22.65,In stock
286,The Dirty Little Secrets ...,£33.34,In stock
287,The Coming Woman: A ...,£17.93,In stock
288,The Boys in the ...,£22.60,In stock
289,The Black Maria,£52.15,In stock
290,Starving Hearts (Triangular Trade ...,£13.99,In stock
291,Shakespeare's Sonnets,£20.66,In stock
292,Set Me Free,£17.46,In stock
293,Scott Pilgrim's Precious Little ...,£52.29,In stock
294,Rip it Up and ...,£35.02,In stock
295,Our Band Could Be ...,£57.25,In stock
296,Olio,£23.88,In stock
297,Mesaerion: The Best Science ...,£37.59,In stock
298,Libertarianism for Beginners,£51.33,In stock
299,It's Only the Himalayas,£45.17,In stock
300,A Light in the ...,£51.77,In stock
301,Tipping the Velvet,£53.74,In stock
302,Soumission,£50.10,In stock
303,Sharp Objects,£47.82,In stock
304,Sapiens: A Brief History ...,£54.23,In stock
305,The Requiem Red,£22.65,In stock
306,The Dirty Little Secrets ...,£33.34,In stock
307,The Coming Woman: A ...,£17.93,In stock
308,The Boys in the ...,£22.60,In stock
309,The Black Maria,£52.15,In stock
310,Starving Hearts (Triangular Trade ...,£13.99,In stock
311,Shakespeare's Sonnets,£20.66,In stock
312,Set Me Free,£17.46,In stock
313,Scott Pilgrim's Precious Little ...,£52.29,In stock
314,Rip it Up and ...,£35.02,In stock
315,Our Band Could Be ...,£57.25,In stock
316,Olio,£23.88,In stock
317,Mesaerion: The Best Science ...,£37.59,In stock
318,Libertarianism for Beginners,£51.33,In stock
319,It's Only the Himalayas,£45.17,In stock
320,A Light in the ...,£51.77,In stock
321,Tipping the Velvet,£53.74,In stock
322,Soumission,£50.10,In stock
323,Sharp Objects,£47.82,In stock
324,Sapiens: A Brief History ...,£54.23,In stock
325,The Requiem Red,£22.65,In stock
326,The Dirty Little Secrets ...,£33.34,In stock
327,The Coming Woman: A ...,£17.93,In stock
328,The Boys in the ...,£22.60,In stock
329,The Black Maria,£52.15,In stock
330,Starving Hearts (Triangular Trade ...,£13.99,In stock
331,Shakespeare's Sonnets,£20.66,In stock
332,Set Me Free,£17.46,In stock
333,Scott Pilgrim's Precious Little ...,£52.29,In stock
334,Rip it Up and ...,£35.02,In stock
335,Our Band Could Be ...,£57.25,In stock
336,Olio,£23.88,In stock
337,Mesaerion: The Best Science ...,£37.59,In stock
338,Libertarianism for Beginners,£51.33,In stock
339,It's Only the Himalayas,£45.17,In stock
340,A Light in the ...,£51.77,In stock
341,Tipping the Velvet,£53.74,In stock
342,Soumission,£50.10,In stock
343,Sharp Objects,£47.82,In stock
344,Sapiens: A Brief History ...,£54.23,In stock
345,The Requiem Red,£22.65,In stock
346,The Dirty Little Secrets ...,£33.34,In stock
347,The Coming Woman: A ...,£17.93,In stock
348,The Boys in the ...,£22.60,In stock
349,The Black Maria,£52.15,In stock
350,Starving Hearts (Triangular Trade ...,£13.99,In stock
351,Shakespeare's Sonnets,£20.66,In stock
352,Set Me Free,£17.46,In stock
353,Scott Pilgrim's Precious Little ...,£52.29,In stock
354,Rip it Up and ...,£35.02,In stock
355,Our Band Could Be ...,£57.25,In stock
356,Olio,£23.88,In stock
357,Mesaerion: The Best Science ...,£37.59,In stock
358,Libertarianism for Beginners,£51.33,In stock
359,It's Only the Himalayas,£45.17,In stock
360,A Light in the ...,£51.77,In stock
361,Tipping the Velvet,£53.74,In stock
362,Soumission,£50.10,In stock
363,Sharp Objects,£47.82,In stock
364,Sapiens: A Brief History ...,£54.23,In stock
365,The Requiem Red,£22.65,In stock
366,The Dirty Little Secrets ...,£33.34,In stock
367,The Coming Woman: A ...,£17.93,In stock
368,The Boys in the ...,£22.60,In stock
369,The Black Maria,£52.15,In stock
370,Starving Hearts (Triangular Trade ...,£13.99,In stock
371,Shakespeare's Sonnets,£20.66,In stock
372,Set Me Free,£17.46,In stock
373,Scott Pilgrim's Precious Little ...,£52.29,In stock
374,Rip it Up and ...,£35.02,In stock
375,Our Band Could Be ...,£57.25,In stock
376,Olio,£23.88,In stock
377,Mesaerion: The Best Science ...,£37.59,In stock
378,Libertarianism for Beginners,£51.33,In stock
379,It's Only the Himalayas,£45.17,In stock
380,A Light in the ...,£51.77,In stock
381,Tipping the Velvet,£53.74,In stock
382,Soumission,£50.10,In stock
383,Sharp Objects,£47.82,In stock
384,Sapiens: A Brief History ...,£54.23,In stock
385,The Requiem Red,£22.65,In stock
386,The Dirty Little Secrets ...,£33.34,In stock
387,The Coming Woman: A ...,£17.93,In stock
388,The Boys in the ...,£22.60,In stock
389,The Black Maria,£52.15,In stock
390,Starving Hearts (Triangular Trade ...,£13.99,In stock
391,Shakespeare's Sonnets,£20.66,In stock
392,Set Me Free,£17.46,In stock
393,Scott Pilgrim's Precious Little ...,£52.29,In stock
394,Rip it Up and ...,£35.02,In stock
395,Our Band Could Be ...,£57.25,In stock
396,Olio,£23.88,In stock
397,Mesaerion: The Best Science ...,£37.59,In stock
398,Libertarianism for Beginners,£51.33,In stock
399,It's Only the Himalayas,£45.17,In stock
400,A Light in the ...,£51.77,In stock
401,Tipping the Velvet,£53.74,In stock
402,Soumission,£50.10,In stock
403,Sharp Objects,£47.82,In stock
404,Sapiens: A Brief History ...,£54.23,In stock
405,The Requiem Red,£22.65,In stock
406,The Dirty Little Secrets ...,£33.34,In stock
407,The Coming Woman: A ...,£17.93,In stock
408,The Boys in the ...,£22.60,In stock
409,The Black Maria,£52.15,In stock
410,Starving Hearts (Triangular Trade ...,£13.99,In stock
411,Shakespeare's Sonnets,£20.66,In stock
412,Set Me Free,£17.46,In stock
413,Scott Pilgrim's Precious Little ...,£52.29,In stock
414,Rip it Up and ...,£35.02,In stock
415,Our Band Could Be ...,£57.25,In stock
416,Olio,£23.88,In stock
417,Mesaerion: The Best Science ...,£37.59,In stock
418,Libertarianism for Beginners,£51.33,In stock
419,It's Only the Himalayas,£45.17,In stock
420,A Light in the ...,£51.77,In stock
421,Tipping the Velvet,£53.74,In stock
422,Soumission,£50.10,In stock
423,Sharp Objects,£47.82,In stock
424,Sapiens: A Brief History ...,£54.23,In stock
425,The Requiem Red,£22.65,In stock
426,The Dirty Little Secrets ...,£33.34,In stock
427,The Coming Woman: A ...,£17.93,In stock
428,The Boys in the ...,£22.60,In stock
429,The Black Maria,£52.15,In stock
430,Starving Hearts (Triangular Trade ...,£13.99,In stock
431,Shakespeare's Sonnets,£20.66,In stock
432,Set Me Free,£17.46,In stock
433,Scott Pilgrim's Precious Little ...,£52.29,In stock
434,Rip it Up and ...,£35.02,In stock
435,Our Band Could Be ...,£57.25,In stock
436,Olio,£23.88,In stock
437,Mesaerion: The Best Science ...,£37.59,In stock
438,Libertarianism for Beginners,£51.33,In stock
439,It's Only the Himalayas,£45.17,In stock
440,A Light in the ...,£51.77,In stock
441,Tipping the Velvet,£53.74,In stock
442,Soumission,£50.10,In stock
443,Sharp Objects,£47.82,In stock
444,Sapiens: A Brief History ...,£54.23,In stock
445,The Requiem Red,£22.65,In stock
446,The Dirty Little Secrets ...,£33.34,In stock
447,The Coming Woman: A ...,£17.93,In stock
448,The Boys in the ...,£22.60,In stock
449,The Black Maria,£52.15,In stock
450,Starving Hearts (Triangular Trade ...,£13.99,In stock
451,Shakespeare's Sonnets,£20.66,In stock
452,Set Me Free,£17.46,In stock
453,Scott Pilgrim's Precious Little ...,£52.29,In stock
454,Rip it Up and ...,£35.02,In stock
455,Our Band Could Be ...,£57.25,In stock
456,Olio,£23.88,In stock
457,Mesaerion: The Best Science ...,£37.59,In stock
458,Libertarianism for Beginners,£51.33,In stock
459,It's Only the Himalayas,£45.17,In stock
460,A Light in the ...,£51.77,In stock
461,Tipping the Velvet,£53.74,In stock
462,Soumission,£50.10,In stock
463,Sharp Objects,£47.82,In stock
464,Sapiens: A Brief History ...,£54.23,In stock
465,The Requiem Red,£22.65,In stock
466,The Dirty Little Secrets ...,£33.34,In stock
467,The Coming Woman: A ...,£17.93,In stock
468,The Boys in the ...,£22.60,In stock
469,The Black Maria,£52.15,In stock
470,Starving Hearts (Triangular Trade ...,£13.99,In stock
471,Shakespeare's Sonnets,£20.66,In stock
472,Set Me Free,£17.46,In stock
473,Scott Pilgrim's Precious Little ...,£52.29,In stock
474,Rip it Up and ...,£35.02,In stock
475,Our Band Could Be ...,£57.25,In stock
476,Olio,£23.88,In stock
477,Mesaerion: The Best Science ...,£37.59,In stock
478,Libertarianism for Beginners,£51.33,In stock
479,It's Only the Himalayas,£45.17,In stock
480,A Light in the ...,£51.77,In stock
481,Tipping the Velvet,£53.74,In stock
482,Soumission,£50.10,In stock
483,Sharp Objects,£47.82,In stock
484,Sapiens: A Brief History ...,£54.23,In stock
485,The Requiem Red,£22.65,In stock
486,The Dirty Little Secrets ...,£33.34,In stock
487,The Coming Woman: A ...,£17.93,In stock
488,The Boys in the ...,£22.60,In stock
489,The Black Maria,£52.15,In stock
490,Starving Hearts (Triangular Trade ...,£13.99,In stock
491,Shakespeare's Sonnets,£20.66,In stock
492,Set Me Free,£17.46,In stock
493,Scott Pilgrim's Precious Little ...,£52.29,In stock
494,Rip it Up and ...,£35.02,In stock
495,Our Band Could Be ...,£57.25,In stock
496,Olio,£23.88,In stock
497,Mesaerion: The Best Science ...,£37.59,In stock
498,Libertarianism for Beginners,£51.33,In stock
499,It's Only the Himalayas,£45.17,In stock
500,A Light in the ...,£51.77,In stock
501,Tipping the Velvet,£53.74,In stock
502,Soumission,£50.10,In stock
503,Sharp Objects,£47.82,In stock
504,Sapiens: A Brief History ...,£54.23,In stock
505,The Requiem Red,£22.65,In stock
506,The Dirty Little Secrets ...,£33.34,In stock
507,The Coming Woman: A ...,£17.93,In stock
508,The Boys in the ...,£22.60,In stock
509,The Black Maria,£52.15,In stock
510,Starving Hearts (Triangular Trade ...,£13.99,In stock
511,Shakespeare's Sonnets,£20.66,In stock
512,Set Me Free,£17.46,In stock
513,Scott Pilgrim's Precious Little ...,£52.29,In stock
514,Rip it Up and ...,£35.02,In stock
515,Our Band Could Be ...,£57.25,In stock
516,Olio,£23.88,In stock
517,Mesaerion: The Best Science ...,£37.59,In stock
518,Libertarianism for Beginners,£51.33,In stock
519,It's Only the Himalayas,£45.17,In stock
520,A Light in the ...,£51.77,In stock
521,Tipping the Velvet,£53.74,In stock
522,Soumission,£50.10,In stock
523,Sharp Objects,£47.82,In stock
524,Sapiens: A Brief History ...,£54.23,In stock
525,The Requiem Red,£22.65,In stock
526,The Dirty Little Secrets ...,£33.34,In stock
527,The Coming Woman: A ...,£17.93,In stock
528,The Boys in the ...,£22.60,In stock
529,The Black Maria,£52.15,In stock
530,Starving Hearts (Triangular Trade ...,£13.99,In stock
531,Shakespeare's Sonnets,£20.66,In stock
532,Set Me Free,£17.46,In stock
533,Scott Pilgrim's Precious Little ...,£52.29,In stock
534,Rip it Up and ...,£35.02,In stock
535,Our Band Could Be ...,£57.25,In stock
536,Olio,£23.88,In stock
537,Mesaerion: The Best Science ...,£37.59,In stock
538,Libertarianism for Beginners,£51.33,In stock
539,It's Only the Himalayas,£45.17,In stock
540,A Light in the ...,£51.77,In stock
541,Tipping the Velvet,£53.74,In stock
542,Soumission,£50.10,In stock
543,Sharp Objects,£47.82,In stock
544,Sapiens: A Brief History ...,£54.23,In stock
545,The Requiem Red,£22.65,In stock
546,The Dirty Little Secrets ...,£33.34,In stock
547,The Coming Woman: A ...,£17.93,In stock
548,The Boys in the ...,£22.60,In stock
549,The Black Maria,£52.15,In stock
550,Starving Hearts (Triangular Trade ...,£13.99,In stock
551,Shakespeare's Sonnets,£20.66,In stock
552,Set Me Free,£17.46,In stock
553,Scott Pilgrim's Precious Little ...,£52.29,In stock
554,Rip it Up and ...,£35.02,In stock
555,Our Band Could Be ...,£57.25,In stock
556,Olio,£23.88,In stock
557,Mesaerion: The Best Science ...,£37.59,In stock
558,Libertarianism for Beginners,£51.33,In stock
559,It's Only the Himalayas,£45.17,In stock
560,A Light in the ...,£51.77,In stock
561,Tipping the Velvet,£53.74,In stock
562,Soumission,£50.10,In stock
563,Sharp Objects,£47.82,In stock
564,Sapiens: A Brief History ...,£54.23,In stock
565,The Requiem Red,£22.65,In stock
566,The Dirty Little Secrets ...,£33.34,In stock
567,The Coming Woman: A ...,£17.93,In stock
568,The Boys in the ...,£22.60,In stock
569,The Black Maria,£52.15,In stock
570,Starving Hearts (Triangular Trade ...,£13.99,In stock
571,Shakespeare's Sonnets,£20.66,In stock
572,Set Me Free,£17.46,In stock
573,Scott Pilgrim's Precious Little ...,£52.29,In stock
574,Rip it Up and ...,£35.02,In stock
575,Our Band Could Be ...,£57.25,In stock
576,Olio,£23.88,In stock
577,Mesaerion: The Best Science ...,£37.59,In stock
578,Libertarianism for Beginners,£51.33,In stock
579,It's Only the Himalayas,£45.17,In stock
580,A Light in the ...,£51.77,In stock
581,Tipping the Velvet,£53.74,In stock
582,Soumission,£50.10,In stock
583,Sharp Objects,£47.82,In stock
584,Sapiens: A Brief History ...,£54.23,In stock
585,The Requiem Red,£22.65,In stock
586,The Dirty Little Secrets ...,£33.34,In stock
587,The Coming Woman: A ...,£17.93,In stock
588,The Boys in the ...,£22.60,In stock
589,The Black Maria,£52.15,In stock
590,Starving Hearts (Triangular Trade ...,£13.99,In stock
591,Shakespeare's Sonnets,£20.66,In stock
592,Set Me Free,£17.46,In stock
593,Scott Pilgrim's Precious Little ...,£52.29,In stock
594,Rip it Up and ...,£35.02,In stock
595,Our Band Could Be ...,£57.25,In stock
596,Olio,£23.88,In stock
597,Mesaerion: The Best Science ...,£37.59,In stock
598,Libertarianism for Beginners,£51.33,In stock
599,It's Only the Himalayas,£45.17,In stock
600,A Light in the ...,£51.77,In stock
601,Tipping the Velvet,£53.74,In stock
602,Soumission,£50.10,In stock
603,Sharp Objects,£47.82,In stock
604,Sapiens: A Brief History ...,£54.23,In stock
605,The Requiem Red,£22.65,In stock
606,The Dirty Little Secrets ...,£33.34,In stock
607,The Coming Woman: A ...,£17.93,In stock
608,The Boys in the ...,£22.60,In stock
609,The Black Maria,£52.15,In stock
610,Starving Hearts (Triangular Trade ...,£13.99,In stock
611,Shakespeare's Sonnets,£20.66,In stock
612,Set Me Free,£17.46,In stock
613,Scott Pilgrim's Precious Little ...,£52.29,In stock
614,Rip it Up and ...,£35.02,In stock
615,Our Band Could Be ...,£57.25,In stock
616,Olio,£23.88,In stock
617,Mesaerion: The Best Science ...,£37.59,In stock
618,Libertarianism for Beginners,£51.33,In stock
619,It's Only the Himalayas,£45.17,In stock
620,A Light in the ...,£51.77,In stock
621,Tipping the Velvet,£53.74,In stock
622,Soumission,£50.10,In stock
623,Sharp Objects,£47.82,In stock
624,Sapiens: A Brief History ...,£54.23,In stock
625,The Requiem Red,£22.65,In stock
626,The Dirty Little Secrets ...,£33.34,In stock
627,The Coming Woman: A ...,£17.93,In stock
628,The Boys in the ...,£22.60,In stock
629,The Black Maria,£52.15,In stock
630,Starving Hearts (Triangular Trade ...,£13.99,In stock
631,Shakespeare's Sonnets,£20.66,In stock
632,Set Me Free,£17.46,In stock
633,Scott Pilgrim's Precious Little ...,£52.29,In stock
634,Rip it Up and ...,£35.02,In stock
635,Our Band Could Be ...,£57.25,In stock
636,Olio,£23.88,In stock
637,Mesaerion: The Best Science ...,£37.59,In stock
638,Libertarianism for Beginners,£51.33,In stock
639,It's Only the Himalayas,£45.17,In stock
640,A Light in the ...,£51.77,In stock
641,Tipping the Velvet,£53.74,In stock
642,Soumission,£50.10,In stock
643,Sharp Objects,£47.82,In stock
644,Sapiens: A Brief History ...,£54.23,In stock
645,The Requiem Red,£22.65,In stock
646,The Dirty Little Secrets ...,£33.34,In stock
647,The Coming Woman: A ...,£17.93,In stock
648,The Boys in the ...,£22.60,In stock
649,The Black Maria,£52.15,In stock
650,Starving Hearts (Triangular Trade ...,£13.99,In stock
651,Shakespeare's Sonnets,£20.66,In stock
652,Set Me Free,£17.46,In stock
653,Scott Pilgrim's Precious Little ...,£52.29,In stock
654,Rip it Up and ...,£35.02,In stock
655,Our Band Could Be ...,£57.25,In stock
656,Olio,£23.88,In stock
657,Mesaerion: The Best Science ...,£37.59,In stock
658,Libertarianism for Beginners,£51.33,In stock
659,It's Only the Himalayas,£45.17,In stock
660,A Light in the ...,£51.77,In stock
661,Tipping the Velvet,£53.74,In stock
662,Soumission,£50.10,In stock
663,Sharp Objects,£47.82,In stock
664,Sapiens: A Brief History ...,£54.23,In stock
665,The Requiem Red,£22.65,In stock
666,The Dirty Little Secrets ...,£33.34,In stock
667,The Coming Woman: A ...,£17.93,In stock
668,The Boys in the ...,£22.60,In stock
669,The Black Maria,£52.15,In stock
670,Starving Hearts (Triangular Trade ...,£13.99,In stock
671,Shakespeare's Sonnets,£20.66,In stock
672,Set Me Free,£17.46,In stock
673,Scott Pilgrim's Precious Little ...,£52.29,In stock
674,Rip it Up and ...,£35.02,In stock
675,Our Band Could Be ...,£57.25,In stock
676,Olio,£23.88,In stock
677,Mesaerion: The Best Science ...,£37.59,In stock
678,Libertarianism for Beginners,£51.33,In stock
679,It's Only the Himalayas,£45.17,In stock
680,A Light in the ...,£51.77,In stock
681,Tipping the Velvet,£53.74,In stock
682,Soumission,£50.10,In stock
683,Sharp Objects,£47.82,In stock
684,Sapiens: A Brief History ...,£54.23,In stock
685,The Requiem Red,£22.65,In stock
686,The Dirty Little Secrets ...,£33.34,In stock
687,The Coming Woman: A ...,£17.93,In stock
688,The Boys in the ...,£22.60,In stock
689,The Black Maria,£52.15,In stock
690,Starving Hearts (Triangular Trade ...,£13.99,In stock
691,Shakespeare's Sonnets,£20.66,In stock
692,Set Me Free,£17.46,In stock
693,Scott Pilgrim's Precious Little ...,£52.29,In stock
694,Rip it Up and ...,£35.02,In stock
695,Our Band Could Be ...,£57.25,In stock
696,Olio,£23.88,In stock
697,Mesaerion: The Best Science ...,£37.59,In stock
698,Libertarianism for Beginners,£51.33,In stock
699,It's Only the Himalayas,£45.17,In stock
700,A Light in the ...,£51.77,In stock
701,Tipping the Velvet,£53.74,In stock
702,Soumission,£50.10,In stock
703,Sharp Objects,£47.82,In stock
704,Sapiens: A Brief History ...,£54.23,In stock
705,The Requiem Red,£22.65,In stock
706,The Dirty Little Secrets ...,£33.34,In stock
707,The Coming Woman: A ...,£17.93,In stock
708,The Boys in the ...,£22.60,In stock
709,The Black Maria,£52.15,In stock
710,Starving Hearts (Triangular Trade ...,£13.99,In stock
711,Shakespeare's Sonnets,£20.66,In stock
712,Set Me Free,£17.46,In stock
713,Scott Pilgrim's Precious Little ...,£52.29,In stock
714,Rip it Up and ...,£35.02,In stock
715,Our Band Could Be ...,£57.25,In stock
716,Olio,£23.88,In stock
717,Mesaerion: The Best Science ...,£37.59,In stock
718,Libertarianism for Beginners,£51.33,In stock
719,It's Only the Himalayas,£45.17,In stock
720,A Light in the ...,£51.77,In stock
721,Tipping the Velvet,£53.74,In stock
722,Soumission,£50.10,In stock
723,Sharp Objects,£47.82,In stock
724,Sapiens: A Brief History ...,£54.23,In stock
725,The Requiem Red,£22.65,In stock
726,The Dirty Little Secrets ...,£33.34,In stock
727,The Coming Woman: A ...,£17.93,In stock
728,The Boys in the ...,£22.60,In stock
729,The Black Maria,£52.15,In stock
730,Starving Hearts (Triangular Trade ...,£13.99,In stock
731,Shakespeare's Sonnets,£20.66,In stock
732,Set Me Free,£17.46,In stock
733,Scott Pilgrim's Precious Little ...,£52.29,In stock
734,Rip it Up and ...,£35.02,In stock
735,Our Band Could Be ...,£57.25,In stock
736,Olio,£23.88,In stock
737,Mesaerion: The Best Science ...,£37.59,In stock
738,Libertarianism for Beginners,£51.33,In stock
739,It's Only the Himalayas,£45.17,In stock
740,A Light in the ...,£51.77,In stock
741,Tipping the Velvet,£53.74,In stock
742,Soumission,£50.10,In stock
743,Sharp Objects,£47.82,In stock
744,Sapiens: A Brief History ...,£54.23,In stock
745,The Requiem Red,£22.65,In stock
746,The Dirty Little Secrets ...,£33.34,In stock
747,The Coming Woman: A ...,£17.93,In stock
748,The Boys in the ...,£22.60,In stock
749,The Black Maria,£52.15,In stock
750,Starving Hearts (Triangular Trade ...,£13.99,In stock
751,Shakespeare's Sonnets,£20.66,In stock
752,Set Me Free,£17.46,In stock
753,Scott Pilgrim's Precious Little ...,£52.29,In stock
754,Rip it Up and ...,£35.02,In stock
755,Our Band Could Be ...,£57.25,In stock
756,Olio,£23.88,In stock
757,Mesaerion: The Best Science ...,£37.59,In stock
758,Libertarianism for Beginners,£51.33,In stock
759,It's Only the Himalayas,£45.17,In stock
760,A Light in the ...,£51.77,In stock
761,Tipping the Velvet,£53.74,In stock
762,Soumission,£50.10,In stock
763,Sharp Objects,£47.82,In stock
764,Sapiens: A Brief History ...,£54.23,In stock
765,The Requiem Red,£22.65,In stock
766,The Dirty Little Secrets ...,£33.34,In stock
767,The Coming Woman: A ...,£17.93,In stock
768,The Boys in the ...,£22.60,In stock
769,The Black Maria,£52.15,In stock
770,Starving Hearts (Triangular Trade ...,£13.99,In stock
771,Shakespeare's Sonnets,£20.66,In stock
772,Set Me Free,£17.46,In stock
773,Scott Pilgrim's Precious Little ...,£52.29,In stock
774,Rip it Up and ...,£35.02,In stock
775,Our Band Could Be ...,£57.25,In stock
776,Olio,£23.88,In stock
777,Mesaerion: The Best Science ...,£37.59,In stock
778,Libertarianism for Beginners,£51.33,In stock
779,It's Only the Himalayas,£45.17,In stock
780,A Light in the ...,£51.77,In stock
781,Tipping the Velvet,£53.74,In stock
782,Soumission,£50.10,In stock
783,Sharp Objects,£47.82,In stock
784,Sapiens: A Brief History ...,£54.23,In stock
785,The Requiem Red,£22.65,In stock
786,The Dirty Little Secrets ...,£33.34,In stock
787,The Coming Woman: A ...,£17.93,In stock
788,The Boys in the ...,£22.60,In stock
789,The Black Maria,£52.15,In stock
790,Starving Hearts (Triangular Trade ...,£13.99,In stock
791,Shakespeare's Sonnets,£20.66,In stock
792,Set Me Free,£17.46,In stock
793,Scott Pilgrim's Precious Little ...,£52.29,In stock
794,Rip it Up and ...,£35.02,In stock
795,Our Band Could Be ...,£57.25,In stock
796,Olio,£23.88,In stock
797,Mesaerion: The Best Science ...,£37.59,In stock
798,Libertarianism for Beginners,£51.33,In stock
799,It's Only the Himalayas,£45.17,In stock
800,A Light in the ...,£51.77,In stock
801,Tipping the Velvet,£53.74,In stock
802,Soumission,£50.10,In stock
803,Sharp Objects,£47.82,In stock
804,Sapiens: A Brief History ...,£54.23,In stock
805,The Requiem Red,£22.65,In stock
806,The Dirty Little Secrets ...,£33.34,In stock
807,The Coming Woman: A ...,£17.93,In stock
808,The Boys in the ...,£22.60,In stock
809,The Black Maria,£52.15,In stock
810,Starving Hearts (Triangular Trade ...,£13.99,In stock
811,Shakespeare's Sonnets,£20.66,In stock
812,Set Me Free,£17.46,In stock
813,Scott Pilgrim's Precious Little ...,£52.29,In stock
814,Rip it Up and ...,£35.02,In stock
815,Our Band Could Be ...,£57.25,In stock
816,Olio,£23.88,In stock
817,Mesaerion: The Best Science ...,£37.59,In stock
818,Libertarianism for Beginners,£51.33,In stock
819,It's Only the Himalayas,£45.17,In stock
820,A Light in the ...,£51.77,In stock
821,Tipping the Velvet,£53.74,In stock
822,Soumission,£50.10,In stock
823,Sharp Objects,£47.82,In stock
824,Sapiens: A Brief History ...,£54.23,In stock
825,The Requiem Red,£22.65,In stock
826,The Dirty Little Secrets ...,£33.34,In stock
827,The Coming Woman: A ...,£17.93,In stock
828,The Boys in the ...,£22.60,In stock
829,The Black Maria,£52.15,In stock
830,Starving Hearts (Triangular Trade ...,£13.99,In stock
831,Shakespeare's Sonnets,£20.66,In stock
832,Set Me Free,£17.46,In stock
833,Scott Pilgrim's Precious Little ...,£52.29,In stock
834,Rip it Up and ...,£35.02,In stock
835,Our Band Could Be ...,£57.25,In stock
836,Olio,£23.88,In stock
837,Mesaerion: The Best Science ...,£37.59,In stock
838,Libertarianism for Beginners,£51.33,In stock
839,It's Only the Himalayas,£45.17,In stock
840,A Light in the ...,£51.77,In stock
841,Tipping the Velvet,£53.74,In stock
842,Soumission,£50.10,In stock
843,Sharp Objects,£47.82,In stock
844,Sapiens: A Brief History ...,£54.23,In stock
845,The Requiem Red,£22.65,In stock
846,The Dirty Little Secrets ...,£33.34,In stock
847,The Coming Woman: A ...,£17.93,In stock
848,The Boys in the ...,£22.60,In stock
849,The Black Maria,£52.15,In stock
850,Starving Hearts (Triangular Trade ...,£13.99,In stock
851,Shakespeare's Sonnets,£20.66,In stock
852,Set Me Free,£17.46,In stock
853,Scott Pilgrim's Precious Little ...,£52.29,In stock
854,Rip it Up and ...,£35.02,In stock
855,Our Band Could Be ...,£57.25,In stock
856,Olio,£23.88,In stock
857,Mesaerion: The Best Science ...,£37.59,In stock
858,Libertarianism for Beginners,£51.33,In stock
859,It's Only the Himalayas,£45.17,In stock
860,A Light in the ...,£51.77,In stock
861,Tipping the Velvet,£53.74,In stock
862,Soumission,£50.10,In stock
863,Sharp Objects,£47.82,In stock
864,Sapiens: A Brief History ...,£54.23,In stock
865,The Requiem Red,£22.65,In stock
866,The Dirty Little Secrets ...,£33.34,In stock
867,The Coming Woman: A ...,£17.93,In stock
868,The Boys in the ...,£22.60,In stock
869,The Black Maria,£52.15,In stock
870,Starving Hearts (Triangular Trade ...,£13.99,In stock
871,Shakespeare's Sonnets,£20.66,In stock
872,Set Me Free,£17.46,In stock
873,Scott Pilgrim's Precious Little ...,£52.29,In stock
874,Rip it Up and ...,£35.02,In stock
875,Our Band Could Be ...,£57.25,In stock
876,Olio,£23.88,In stock
877,Mesaerion: The Best Science ...,£37.59,In stock
878,Libertarianism for Beginners,£51.33,In stock
879,It's Only the Himalayas,£45.17,In stock
880,A Light in the ...,£51.77,In stock
881,Tipping the Velvet,£53.74,In stock
882,Soumission,£50.10,In stock
883,Sharp Objects,£47.82,In stock
884,Sapiens: A Brief History ...,£54.23,In stock
885,The Requiem Red,£22.65,In stock
886,The Dirty Little Secrets ...,£33.34,In stock
887,The Coming Woman: A ...,£17.93,In stock
888,The Boys in the ...,£22.60,In stock
889,The Black Maria,£52.15,In stock
890,Starving Hearts (Triangular Trade ...,£13.99,In stock
891,Shakespeare's Sonnets,£20.66,In stock
892,Set Me Free,£17.46,In stock
893,Scott Pilgrim's Precious Little ...,£52.29,In stock
894,Rip it Up and ...,£35.02,In stock
895,Our Band Could Be ...,£57.25,In stock
896,Olio,£23.88,In stock
897,Mesaerion: The Best Science ...,£37.59,In stock
898,Libertarianism for Beginners,£51.33,In stock
899,It's Only the Himalayas,£45.17,In stock
900,A Light in the ...,£51.77,In stock
901,Tipping the Velvet,£53.74,In stock
902,Soumission,£50.10,In stock
903,Sharp Objects,£47.82,In stock
904,Sapiens: A Brief History ...,£54.23,In stock
905,The Requiem Red,£22.65,In stock
906,The Dirty Little Secrets ...,£33.34,In stock
907,The Coming Woman: A ...,£17.93,In stock
908,The Boys in the ...,£22.60,In stock
909,The Black Maria,£52.15,In stock
910,Starving Hearts (Triangular Trade ...,£13.99,In stock
911,Shakespeare's Sonnets,£20.66,In stock
912,Set Me Free,£17.46,In stock
913,Scott Pilgrim's Precious Little ...,£52.29,In stock
914,Rip it Up and ...,£35.02,In stock
915,Our Band Could Be ...,£57.25,In stock
916,Olio,£23.88,In stock
917,Mesaerion: The Best Science ...,£37.59,In stock
918,Libertarianism for Beginners,£51.33,In stock
919,It's Only the Himalayas,£45.17,In stock
920,A Light in the ...,£51.77,In stock
921,Tipping the Velvet,£53.74,In stock
922,Soumission,£50.10,In stock
923,Sharp Objects,£47.82,In stock
924,Sapiens: A Brief History ...,£54.23,In stock
925,The Requiem Red,£22.65,In stock
926,The Dirty Little Secrets ...,£33.34,In stock
927,The Coming Woman: A ...,£17.93,In stock
928,The Boys in the ...,£22.60,In stock
929,The Black Maria,£52.15,In stock
930,Starving Hearts (Triangular Trade ...,£13.99,In stock
931,Shakespeare's Sonnets,£20.66,In stock
932,Set Me Free,£17.46,In stock
933,Scott Pilgrim's Precious Little ...,£52.29,In stock
934,Rip it Up and ...,£35.02,In stock
935,Our Band Could Be ...,£57.25,In stock
936,Olio,£23.88,In stock
937,Mesaerion: The Best Science ...,£37.59,In stock
938,Libertarianism for Beginners,£51.33,In stock
939,It's Only the Himalayas,£45.17,In stock
940,A Light in the ...,£51.77,In stock
941,Tipping the Velvet,£53.74,In stock
942,Soumission,£50.10,In stock
943,Sharp Objects,£47.82,In stock
944,Sapiens: A Brief History ...,£54.23,In stock
945,The Requiem Red,£22.65,In stock
946,The Dirty Little Secrets ...,£33.34,In stock
947,The Coming Woman: A ...,£17.93,In stock
948,The Boys in the ...,£22.60,In stock
949,The Black Maria,£52.15,In stock
950,Starving Hearts (Triangular Trade ...,£13.99,In stock
951,Shakespeare's Sonnets,£20.66,In stock
952,Set Me Free,£17.46,In stock
953,Scott Pilgrim's Precious Little ...,£52.29,In stock
954,Rip it Up and ...,£35.02,In stock
955,Our Band Could Be ...,£57.25,In stock
956,Olio,£23.88,In stock
957,Mesaerion: The Best Science ...,£37.59,In stock
958,Libertarianism for Beginners,£51.33,In stock
959,It's Only the Himalayas,£45.17,In stock
960,A Light in the ...,£51.77,In stock
961,Tipping the Velvet,£53.74,In stock
962,Soumission,£50.10,In stock
963,Sharp Objects,£47.82,In stock
964,Sapiens: A Brief History ...,£54.23,In stock
965,The Requiem Red,£22.65,In stock
966,The Dirty Little Secrets ...,£33.34,In stock
967,The Coming Woman: A ...,£17.93,In stock
968,The Boys in the ...,£22.60,In stock
969,The Black Maria,£52.15,In stock
970,Starving Hearts (Triangular Trade ...,£13.99,In stock
971,Shakespeare's Sonnets,£20.66,In stock
972,Set Me Free,£17.46,In stock
973,Scott Pilgrim's Precious Little ...,£52.29,In stock
974,Rip it Up and ...,£35.02,In stock
975,Our Band Could Be ...,£57.25,In stock
976,Olio,£23.88,In stock
977,Mesaerion: The Best Science ...,£37.59,In stock
978,Libertarianism for Beginners,£51.33,In stock
979,It's Only the Himalayas,£45.17,In stock
980,A Light in the ...,£51.77,In stock
981,Tipping the Velvet,£53.74,In stock
982,Soumission,£50.10,In stock
983,Sharp Objects,£47.82,In stock
984,Sapiens: A Brief History ...,£54.23,In stock
985,The Requiem Red,£22.65,In stock
986,The Dirty Little Secrets ...,£33.34,In stock
987,The Coming Woman: A ...,£17.93,In stock
988,The Boys in the ...,£22.60,In stock
989,The Black Maria,£52.15,In stock
990,Starving Hearts (Triangular Trade ...,£13.99,In stock
991,Shakespeare's Sonnets,£20.66,In stock
992,Set Me Free,£17.46,In stock
993,Scott Pilgrim's Precious Little ...,£52.29,In stock
994,Rip it Up and ...,£35.02,In stock
995,Our Band Could Be ...,£57.25,In stock
996,Olio,£23.88,In stock
997,Mesaerion: The Best Science ...,£37.59,In stock
998,Libertarianism for Beginners,£51.33,In stock
999,It's Only the Himalayas,£45.17,In stock
